{
  "Run_1": {
    "pred_accuracy": 0.75,
    "pred_precision": 0.7258064516129032,
    "pred_recall": 1.0,
    "pred_f1_score": 0.8411214953271028,
    "exp_accuracy": 0.7205882352941176,
    "exp_precision": 0.7258064516129032,
    "exp_recall": 0.9574468085106383,
    "exp_f1_score": 0.8256880733944956
  },
  "Run_2": {
    "pred_accuracy": 0.6470588235294118,
    "pred_precision": 0.6981132075471698,
    "pred_recall": 0.8222222222222222,
    "pred_f1_score": 0.7551020408163266,
    "exp_accuracy": 0.8529411764705882,
    "exp_precision": 0.8679245283018868,
    "exp_recall": 0.9387755102040817,
    "exp_f1_score": 0.9019607843137256
  },
  "Run_3": {
    "pred_accuracy": 0.7794117647058824,
    "pred_precision": 0.7777777777777778,
    "pred_recall": 0.9333333333333333,
    "pred_f1_score": 0.8484848484848485,
    "exp_accuracy": 0.6911764705882353,
    "exp_precision": 0.7407407407407407,
    "exp_recall": 0.851063829787234,
    "exp_f1_score": 0.7920792079207921
  },
  "Run_4": {
    "pred_accuracy": 0.6764705882352942,
    "pred_precision": 0.6949152542372882,
    "pred_recall": 0.9111111111111111,
    "pred_f1_score": 0.7884615384615385,
    "exp_accuracy": 0.8382352941176471,
    "exp_precision": 0.8305084745762712,
    "exp_recall": 0.98,
    "exp_f1_score": 0.8990825688073395
  },
  "Run_5": {
    "pred_accuracy": 0.6764705882352942,
    "pred_precision": 0.6825396825396826,
    "pred_recall": 0.9555555555555556,
    "pred_f1_score": 0.7962962962962964,
    "exp_accuracy": 0.5588235294117647,
    "exp_precision": 0.5555555555555556,
    "exp_recall": 0.9459459459459459,
    "exp_f1_score": 0.7000000000000001
  }
}